material_id,name,domain,base_description,texture_lane,variant_axes,pbr_defaults_json,notes
armor-iron,Armor Iron,mechanical,"dark riveted iron or steel armor with layered plate wear",pbr,"paint_wear;grime;roughness_bias","{""metalness"":0.85,""roughness"":0.62}",Base manufactured shell.
painted-plate,Painted Plate,mechanical,"aged pale or dark painted armor plates with chipped edges",pbr,"paint_wear;grime;ritualization;roughness_bias","{""metalness"":0.65,""roughness"":0.68}",Concept uses contrasting pale frontal platework against darker body.
bone,Bone / Calcified Locomotion,biological,"ivory calcified load-bearing structures stained by mud and tissue",pbr,"grime;scar_density;roughness_bias","{""metalness"":0.0,""roughness"":0.72}",Keep it structurally readable rather than generic skull texture.
tendon,Tendon and Sinew,biological,"fibrous red-brown tensile tissue bridging armor and locomotion",pbr,"tendon_density;tissue_wetness;scar_density","{""metalness"":0.0,""roughness"":0.42}",Primary interface material.
flesh,Exposed Flesh,biological,"dense muscular tissue visible through plate gaps",pbr,"flesh_exposure;tissue_wetness;scar_density","{""metalness"":0.0,""roughness"":0.38}",Use restrained wetness variation to avoid plastic meat.
vascular,Vascular / Cable Detail,hybrid,"fine vessel and cable detail spanning biological and mechanical interfaces",overlay,"vascular_density;tissue_wetness","{""metalness"":0.05,""roughness"":0.5}",Prefer texture or curves unless silhouette needs geometry.
ritual-relief,Ritual Relief,mechanical,"cast or bolted devotional portrait and insignia elements",pbr,"iconography_density;ritualization;paint_wear","{""metalness"":0.72,""roughness"":0.6}",Can share armor material with selective patina.
mud-soot,Battlefield Accumulation,surface,"mud soot dust blood and trench residue",overlay,"grime;damage_state","{""metalness"":0.0,""roughness"":0.9}",Layered contamination rather than base material.
scar,Scar / Repair Tissue,surface,"healed or active repair seams crossing flesh and plate interfaces",overlay,"scar_density;damage_state;tissue_wetness","{""metalness"":0.0,""roughness"":0.5}",Damage-state layer; should remain removable from clean variant.
